{
  "experiment": "table4_rave_bias",
  "timestamp": "2026-03-15T14:12:58.160825",
  "seed": 0,
  "data": {
    "board_size": 11,
    "num_games": 200,
    "reference_bias": 0.001,
    "paper_results": {
      "0.0005": 50.5,
      "0.00025": 59,
      "0.000125": 53.5
    },
    "our_results": {
      "0.0005": {
        "description": "T4: bias=0.0005 vs 0.001",
        "board_size": 11,
        "num_games": 200,
        "wins": 94,
        "win_pct": 47.0,
        "elapsed_s": 219.43,
        "num_workers": 20,
        "agent1_params": {
          "num_simulations": 16000,
          "use_rave": true,
          "c_uct": 0.0,
          "simulation_type": 2,
          "rave_bias": 0.0005
        },
        "agent2_params": {
          "num_simulations": 16000,
          "use_rave": true,
          "c_uct": 0.0,
          "simulation_type": 2,
          "rave_bias": 0.001
        },
        "game_results": [
          0,
          0,
          0,
          1,
          0,
          1,
          1,
          0,
          1,
          0,
          0,
          0,
          0,
          0,
          1,
          0,
          1,
          1,
          0,
          0,
          1,
          0,
          1,
          0,
          0,
          1,
          0,
          0,
          0,
          1,
          1,
          0,
          1,
          0,
          1,
          0,
          1,
          1,
          1,
          0,
          1,
          0,
          0,
          1,
          1,
          1,
          1,
          0,
          1,
          1,
          1,
          0,
          0,
          0,
          1,
          0,
          0,
          0,
          1,
          0,
          1,
          1,
          0,
          1,
          1,
          0,
          0,
          0,
          0,
          0,
          0,
          0,
          1,
          1,
          0,
          1,
          0,
          1,
          1,
          0,
          0,
          0,
          0,
          1,
          1,
          1,
          0,
          0,
          0,
          1,
          1,
          1,
          1,
          0,
          1,
          1,
          0,
          1,
          1,
          0,
          0,
          1,
          0,
          1,
          1,
          0,
          1,
          1,
          0,
          0,
          1,
          0,
          0,
          0,
          0,
          0,
          1,
          1,
          1,
          1,
          0,
          0,
          1,
          0,
          0,
          0,
          1,
          0,
          0,
          0,
          0,
          0,
          0,
          1,
          1,
          0,
          1,
          1,
          0,
          0,
          1,
          1,
          1,
          0,
          1,
          0,
          1,
          1,
          0,
          0,
          0,
          0,
          1,
          0,
          1,
          0,
          1,
          0,
          1,
          1,
          1,
          0,
          1,
          1,
          1,
          0,
          1,
          0,
          1,
          1,
          1,
          0,
          0,
          1,
          1,
          0,
          1,
          0,
          1,
          0,
          0,
          1,
          0,
          0,
          1,
          0,
          0,
          0,
          1,
          1,
          1,
          0,
          1,
          0,
          1,
          0,
          0,
          0,
          1,
          0
        ]
      },
      "0.00025": {
        "description": "T4: bias=0.00025 vs 0.001",
        "board_size": 11,
        "num_games": 200,
        "wins": 98,
        "win_pct": 49.0,
        "elapsed_s": 229.61,
        "num_workers": 20,
        "agent1_params": {
          "num_simulations": 16000,
          "use_rave": true,
          "c_uct": 0.0,
          "simulation_type": 2,
          "rave_bias": 0.00025
        },
        "agent2_params": {
          "num_simulations": 16000,
          "use_rave": true,
          "c_uct": 0.0,
          "simulation_type": 2,
          "rave_bias": 0.001
        },
        "game_results": [
          1,
          1,
          1,
          1,
          1,
          1,
          1,
          0,
          0,
          1,
          1,
          0,
          1,
          1,
          0,
          0,
          0,
          0,
          1,
          1,
          1,
          0,
          1,
          0,
          1,
          0,
          0,
          0,
          1,
          1,
          1,
          1,
          0,
          0,
          1,
          1,
          1,
          0,
          1,
          0,
          1,
          0,
          1,
          1,
          0,
          0,
          1,
          0,
          1,
          1,
          1,
          1,
          1,
          0,
          1,
          1,
          1,
          1,
          1,
          0,
          1,
          0,
          0,
          0,
          0,
          1,
          0,
          0,
          1,
          0,
          1,
          0,
          0,
          0,
          0,
          0,
          0,
          0,
          1,
          0,
          0,
          1,
          1,
          0,
          1,
          0,
          0,
          1,
          1,
          0,
          0,
          1,
          0,
          1,
          1,
          0,
          0,
          1,
          0,
          1,
          1,
          1,
          1,
          0,
          1,
          1,
          0,
          1,
          1,
          0,
          0,
          0,
          0,
          0,
          0,
          0,
          1,
          0,
          0,
          1,
          0,
          1,
          0,
          1,
          1,
          1,
          0,
          1,
          0,
          0,
          1,
          0,
          1,
          0,
          1,
          0,
          0,
          0,
          1,
          0,
          1,
          1,
          1,
          1,
          1,
          0,
          0,
          0,
          1,
          0,
          0,
          0,
          1,
          1,
          1,
          1,
          0,
          1,
          1,
          0,
          0,
          1,
          0,
          0,
          0,
          1,
          1,
          1,
          1,
          0,
          0,
          1,
          1,
          0,
          0,
          0,
          0,
          1,
          0,
          1,
          1,
          0,
          0,
          0,
          0,
          0,
          1,
          1,
          0,
          0,
          1,
          1,
          0,
          0,
          0,
          0,
          0,
          0,
          1,
          0
        ]
      },
      "0.000125": {
        "description": "T4: bias=0.000125 vs 0.001",
        "board_size": 11,
        "num_games": 200,
        "wins": 92,
        "win_pct": 46.0,
        "elapsed_s": 216.17,
        "num_workers": 20,
        "agent1_params": {
          "num_simulations": 16000,
          "use_rave": true,
          "c_uct": 0.0,
          "simulation_type": 2,
          "rave_bias": 0.000125
        },
        "agent2_params": {
          "num_simulations": 16000,
          "use_rave": true,
          "c_uct": 0.0,
          "simulation_type": 2,
          "rave_bias": 0.001
        },